idx,question,ground_truth,llama2_answer,mistral_answer,llama2_correctness,llama2_faithfulness,llama2_completeness,llama2_hallucination,llama2_fluency,mistral_correctness,mistral_faithfulness,mistral_completeness,mistral_hallucination,mistral_fluency,better_model
1,Why did Adam remind Li Hua not to play guitar late at night?,a few neighbors have mentioned they're hearing guitar music late at night,Adam reminded Li Hua not to play guitar late at night because it was disturbing his neighbors., Adam reminded Li Hua not to play guitar late at night because a few neighbors had mentioned they were hearing the music and it might have been disturbing them.,1,4,1,4,4,4,4,4,4,4,mistral
2,What type of ambiance does YurikoYamamoto want for her studio's homepage?,more welcoming and engaging,"Based on the context provided, YurikoYamamoto wants a welcoming and engaging ambiance for her speech therapy studio's homepage."," Based on the provided context, Yuriko Yamamoto wants a more welcoming and engaging ambiance for her speech therapy studio's homepage.",3,4,3,4,4,5,4,5,4,4,mistral
3,When did Li Hua invite Adam Smith to check the basement renovation progress?,20260223_19:00,"Based on the provided context, the answer is:
Time: 20260223_17:00
Adam Smith was invited by Li Hua to check the basement renovation progress at 7 PM on February 23rd, 2026.", Li Hua invited Adam Smith to check the basement renovation progress on 20260223_17:00.,3,4,3,3,4,3,4,3,4,4,mistral
4,What is the name of the café where Li Hua and YurikoYamamoto first meeting to talk about Yuriko's website?,Central Perk,"Based on the provided context, the name of the café where Li Hua and YurikoYamamoto first meet to talk about Yuriko's website is ""Central Perk""."," The name of the café where Li Hua and YurikoYamamoto are meeting to discuss Yuriko's website is ""Central Perk"".",5,4,5,3,4,5,4,5,4,4,mistral
5,What is the essence of YurikoYamamoto Li Hua is helping with her homepage?,speech therapy,"Based on the provided context, the essence of Li Hua's help with Yuriko Yamamoto's homepage is to make it more welcoming and engaging."," The essence of YurikoYamamoto and Li Hua's interaction is that Li Hua is helping YurikoYamamoto improve the homepage of her speech therapy studio, making it more welcoming and engaging.",0,3,0,2,4,5,4,5,3,4,mistral
6,What type of instrument does Li Hua play in the basement?,guitar,"Based on the context provided, Li Hua plays guitar in the basement."," Based on the provided context, it is not explicitly stated that Li Hua plays any specific instrument in the basement. However, it is mentioned that she plays the guitar and that Wolfgang can bring his drums to jam together with her. Therefore, we cannot definitively say what type of instrument Li Hua plays in the basement.",5,4,5,4,4,5,4,5,3,4,llama2
7,When did Adam Smith inform Li Hua about potential issues with the pipes in the basement?,20260301_13:00,"Based on the provided context, Adam Smith informed Li Hua about potential issues with the pipes in the basement on 20260301 at 13:00."," Adam Smith informed Li Hua about potential issues with the pipes in the basement on March 1, 2026.",5,4,5,4,4,3,4,3,4,4,llama2
8,When did Li Hua inform Adam Smith that the rent was transferred?,20260301_10:00,"Based on the provided context, Li Hua informed Adam Smith that the rent was transferred on 2026-03-01 at 10:00.", Li Hua informed Adam Smith that the rent was transferred on 20260127_20:30.,5,4,5,4,4,0,3,0,2,4,llama2
9,When is the music concert that Wolfgang invites Li Hua to?,20260307_18:00,"Based on the context provided, the music concert that Wolfgang invites Li Hua to is on March 7th at 6 PM.", The music concert that Wolfgang invites Li Hua to is on March 7th at 6 PM.,0,3,0,2,4,0,3,0,2,4,tie
10,What dish does Li Hua agree to bring to the neighborhood potluck dinner?,Homemade pasta salad,"Based on the context provided, Li Hua agrees to bring a homemade pasta salad to the neighborhood potluck dinner.", Li Hua agrees to bring homemade pasta salad to the neighborhood potluck dinner.,5,4,5,4,4,5,4,5,4,4,tie
11,Who is Li Hua meeting with to discuss homepage design updates?,Yuriko Yamamoto,"Based on the provided context, Li Hua is meeting with Yuriko Yamamoto to discuss homepage design updates for her speech therapy studio.", Li Hua is meeting with Yuriko Yamamoto to discuss homepage design updates.,5,4,5,4,4,5,4,5,4,4,tie
12,What new feature does Yuriko Yamamoto consider adding to her studio's homepage?,A blog section,"Based on the context provided, Yuriko Yamamoto considers adding a ""welcome"" section to her studio's homepage."," Based on the provided context, there is no information about Yuriko considering adding a new feature to her studio's homepage. The discussions revolve around making the homepage more welcoming and engaging, but no specific new features are mentioned.",1,4,1,4,4,0,5,0,5,4,llama2
13,What time is the power outage in the neighborhood?,2 PM to 3 PM,"Based on the context provided, the power outage is scheduled for today from 2pm to 3pm."," I don't know. The provided context does not specify the exact time for the power outage in the neighborhood on August 12, as it only mentions that there will be an AC installation at 6 PM.",1,4,1,4,4,0,5,0,5,4,llama2
14,What suggestions does Li Hua give for promoting the new scheduling feature?,Showcase it on social media platforms and include a short tutorial and send out a newsletter to clients,"Based on the context provided, Li Hua suggests the following for promoting the new scheduling feature:

1. Visiting the homepage and trying to schedule a mock appointment using the new feature to test its smoothness.
2. Focusing on efficiency and intensity to make the most of their sessions during training.
3. Setting specific hours for work and separate times for personal hobbies to maintain a balance between the two."," Li Hua suggests that the new scheduling feature will make scheduling super convenient for clients as they'll be able to see available times right away, which should help in easing the process of scheduling. However, Li Hua did not explicitly provide suggestions for promoting the new feature in the given context.",0,3,0,2,3,0,3,0,2,4,mistral
15,Who invites Li Hua to join the community bake sale?,Adam Smith,"Based on the provided context, the answer is: AdamSmith.", AdamSmith invites Li Hua to join the community bake sale.,0,3,0,2,4,0,3,0,2,4,tie
16,What day and time is the community bake sale taking place?,Sunday at 3 PM,"Based on the context provided, the community bake sale is taking place on Sunday at 3 PM.", The community bake sale is taking place on Sunday at 3 PM.,5,4,5,4,4,5,4,5,4,4,tie
17,When does Li Hua request a delivery from Hailey Johnson?,Tuesday,"Based on the provided context, Li Hua requests a delivery from Hailey Johnson on March 30th at 08:00."," The conversation where Li Hua requests a delivery from Hailey Johnson is on March 14, 2026 at 17:00. Li Hua expresses interest in trying out Hailey's doorstep delivery service for fresh milk and bread.",0,3,0,2,4,0,3,0,2,4,tie
18,What is the address where Li Hua wants the bread delivery to be made?,123 Sunny Street,I don't know. The context does not provide the address where Li Hua wants the bread delivery to be made., The context does not provide information about Li Hua's address.,0,5,0,5,4,0,3,0,2,4,llama2
19,What service does Hailey Johnson offer to Li Hua?,Doorstep delivery service for fresh milk and bread,"Based on the provided context, Hailey Johnson offers doorstep deliveries of fresh baked goods to Li Hua.", Hailey Johnson offers doorstep delivery services to Li Hua.,0,3,0,2,4,0,3,0,2,4,tie
20,What time does Hailey Johnson start baking?,4 AM,"Based on the provided context, Hailey Johnson starts baking at 10 AM on Saturday."," Based on the provided context, there is no information available about what time Hailey Johnson starts baking.",4,4,4,4,4,0,5,0,5,4,llama2
21,Where does Li Hua plan to meet Yuriko Yamamoto to show the final website?,Central Perk café,"Based on the context provided, Li Hua plans to meet Yuriko Yamamoto at Central Perk café.", Li Hua plans to meet Yuriko Yamamoto at Central Perk café.,5,4,5,4,4,5,4,5,4,4,tie
22,What does Li Hua suggest to Hailey regarding the frequency of bread delivery?,Twice a week on Mondays and Fridays at 8am,"Based on the context provided, Li Hua suggests that Hailey should deliver bread ""super convenient,"" especially for busy days.", Li Hua does not suggest a specific frequency for bread delivery in the provided context.,0,3,0,2,4,0,3,0,2,4,tie
23,What does Li Hua agree to bring to the bonfire singing party hosted by Chae Song-hwa?,Li Hua will bring his guitar,"Based on the context provided, LiHua agrees to bring her guitar to the bonfire singing party hosted by Chae Song-hwa.", Li Hua agrees to bring her guitar to the bonfire singing party hosted by ChaeSong-hwa.,0,3,0,2,4,3,4,3,4,4,mistral
24,What is the focus of Li Hua's next month's fitness plan according to Jennifer?,Strengthening lower limbs,"Based on the context provided, Jennifer mentions that Li Hua's next month's fitness plan will be focused on consistency.", I don't know. The provided context does not mention any specific details about Li Hua's next month's fitness plan under Jennifer's guidance.,0,3,0,2,4,0,5,0,5,4,mistral
25,What is the building's policy that Adam reminds Li Hua about?,Recycling policy,"Based on the context provided, the building's policy that Adam reminds Li Hua about is the recycling policy.", The building's policy that Adam Smith reminds Li Hua about is the recycling policy.,5,4,5,4,4,5,4,5,4,4,tie
26,What is the topic of the online tutorial Yuriko shares with the group?,Advanced drum techniques,"Based on the context provided, the topic of the online tutorial shared by Yuriko with the group is ""new therapy techniques"".", The context does not provide information about an online tutorial that Yuriko shares with the group.,0,3,0,2,4,0,3,0,2,4,tie
27,What is Wolfgang looking for in his new drums?,Something versatile that sounds good for both rock and softer tunes like The Beatles,"Based on the context provided, Wolfgang is looking for drums that will ""sound great but won't break the bank."" He has also been considering trying out different brands."," Based on the provided context, Wolfgang is looking for drums that sound great but are affordable.",0,3,0,2,4,0,3,0,2,4,tie
28,What song does Li Hua suggest for the jam session on 20260405?,Viva la Vida,"Based on the context provided, Li Hua suggests the song ""Can't Wait"" by Paula Abdul for the jam session on 20260405."," I don't know. The context provided does not mention a specific date of 20260405 for the next jam session, so it is impossible to determine which song Li Hua suggests for that date.",0,3,0,2,4,0,5,0,5,4,mistral
29,What does Li Hua think about the rosemary focaccia?,Li Hua thinks the rosemary focaccia is amazing,"Based on the context provided, Li Hua thinks the rosemary focaccia is amazing and loved the flavor and texture.", Li Hua thinks that the rosemary focaccia is amazing and loved the flavor and texture.,5,4,5,4,4,4,4,4,4,4,llama2
30,When does Li Hua confirm the rent transfer to Adam?,20260331_17:00,"Based on the provided context, Li Hua confirms the rent transfer to Adam on January 30th at 10:00.", Li Hua confirms the rent transfer to Adam on 20260130_10:00.,0,3,0,2,4,0,3,0,2,4,tie
31,What joke does Wolfgang make as an April Fool's joke?,That Wolfgang bought a set of expensive drums,I don't know the answer to your question as it is not provided in the context you provided., There is no evidence in the provided context that Wolfgang makes a joke as an April Fool's joke.,0,5,0,5,4,0,3,0,2,4,llama2
32,Who is delivering the bread to Li Hua on 20260403?,Alice,"Based on the context provided, the answer to the question ""Who is delivering the bread to Li Hua on 20260403?"" is:

Alice"," Alice will be delivering the bread to Li Hua on 20260403, as mentioned in the context that Alice can bring the new gluten-free bread with Li Hua's usual order starting from next week.",5,4,5,4,4,5,4,5,3,4,llama2
33,What does Li Hua think about improvisation during the jam session?,Improvisation sounds great,"Based on the context provided, Li Hua thinks that improvisation is a great way to go during the jam session. In the conversation, she expresses her excitement and enthusiasm for the idea of jamming without a strict plan, saying ""Improvisation sounds great! I love when we all just vibe together and see where the music takes us."" She also mentions that it will keep things spontaneous and exciting. Therefore, the answer to the question is: Li Hua thinks improvisation is a good idea during the jam session.", Li Hua thinks that improvisation sounds great during the jam session.,5,3,5,2,3,5,4,5,4,4,mistral
34,When is ChaeSong-hwa hosting the community medical knowledge lecture?,7 PM on Saturday,"Based on the provided context, the answer to your question is:
This Saturday at 7 PM."," The community medical knowledge lecture hosted by ChaeSong-hwa is on April 14th, as mentioned in the conversation at Time: 20260407_19:00.",4,4,4,4,4,0,3,0,2,4,llama2
35,What topics will be covered in the community medical knowledge lecture?,Basics of common health issues and how to prevent them,"Based on the context provided, the topic that will be covered in the community medical knowledge lecture is ""some basics of common health issues and how to prevent them."""," The topics that will be covered in the community medical knowledge lecture include basics of common health issues and how to prevent them, basic health tips, common medical myths, and advancements in neurosurgery.",5,4,5,4,4,5,4,5,4,4,tie
36,What new song does the Jolly band decide to work on for the jam session according to their discussion on 20260410?,Stand By Me,"Based on the context provided, the new song that the Jolly Band decides to work on for the jam session is ""The Jolly Band."""," According to the provided context, there is no decision made about a specific new song that ""The Jolly Band"" decides to work on for the jam session on April 10, 2026. They are brainstorming ideas and discussing possibilities such as ""The Jolly Band,"" but no final decision has been reached.",0,3,0,2,4,0,3,0,2,4,tie
37,What is Li Hua's feedback on Chae Song-hwa's medical knowledge lecture?,It is insightful and makes complex topics easy to understand,"Based on the provided context, Li Hua's feedback on Chae Song-hwa's medical knowledge lecture is ""Sounds interesting! I'd love to join the lecture this Saturday. What topics will you be covering?"""," Li Hua's feedback on Chae Song-hwa's medical knowledge lecture is that it sounds interesting and super helpful, and she is looking forward to joining the lecture. She also mentions that it will be informative and that she is always looking to learn more about health topics.",0,3,0,2,4,1,4,1,4,4,mistral
38,When is the anniversary event of Hailey Johnson's bakery shop?,April 15 to 17,"Based on the context provided, the answer to the question ""When is the anniversary event of Hailey Johnson's bakery shop?"" is:

April 15-17, 2026.", The anniversary event of Hailey Johnson's bakery shop takes place from April 15 to 17.,4,4,4,3,4,5,4,5,4,4,mistral
39,What does Li Hua want to have on Hailey's bakery shop anniversary event?,Sourdough and sweet pastries,"Based on the context provided, Li Hua wants Hailey Johnson's bakery to offer a special promotion for Mother's Day."," Based on the provided context, it is not explicitly stated that Li Hua has expressed a desire for anything specific at Hailey's bakery shop anniversary event. However, we know from the conversation on 20260418_15:00 that Li Hua enjoyed the new pastries introduced during the event, particularly the raspberry tart. So, it can be inferred that Li Hua might appreciate more of such new and delicious pastries at future events. However, this is an assumption as there is no direct statement indicating what Li Hua wants specifically at Hailey's b",0,3,0,2,4,1,4,0,3,3,mistral
40,Why does Li Hua ask ChaeSong-hwa about whether neurosurgeons actually use test tubes in their work?,Li Hua is trying to get some insights for a website design," Based on the context provided, Li Hua asks ChaeSong-hwa about whether neurosurgeons actually use test tubes in their work because they are designing a website and want to include information about the tools and techniques used by neurosurgeons."," Li Hua asks ChaeSong-hwa about whether neurosurgeons actually use test tubes in their work because she is gathering information for a website she is designing, and she wants to ensure that the information presented on the website is accurate.",1,4,1,4,4,1,4,1,4,4,tie
41,Who proposes that the band takes a break from jamming this week?,Wolfgang Schulz,"Based on the provided context, the person who proposes that the band takes a break from jamming this week is WolfgangSchulz.", WolfgangSchulz proposes that the band takes a break from jamming this week.,0,3,0,2,4,0,3,0,2,4,tie
42,What suggestions does Li Hua propose to Adam Smith about the upcoming community garden renovation?,Add more seating areas for people to relax and enjoy the space and some flower beds with native plants,"Based on the context provided, Li Hua proposes the following suggestions for the upcoming community garden renovation:

1. Add more seating areas for people to relax and enjoy the space.
2. Incorporate native plants into the garden to attract more butterflies and bees."," Li Hua suggests adding more seating areas for people to relax and enjoy the space, and also proposes the idea of having flower beds with native plants to attract more butterflies and bees.",3,4,3,4,4,4,4,4,4,4,mistral
43,What kinds of flowers does Li Hua recommend to Adam Smith for the flower beds?,Lavender and coneflowers and fresh herbs,"Based on the context provided, Li Hua recommends lavender and coneflowers for the flower beds.", Li Hua recommends lavender and coneflowers to Adam Smith for the flower beds.,3,4,3,4,4,3,4,3,4,4,tie
44,What will be a gift for Li Hua if he chooses to renew the fitness contract with Jennifer Moore?,A cool fitness bag as a gift for all the gym activities,"Based on the context provided, if Li Hua chooses to renew his fitness contract with Jennifer Moore, a cool fitness bag as a gift is mentioned.", The gift for Li Hua if he chooses to renew the fitness contract with Jennifer Moore is a fitness bag.,3,4,3,4,4,1,4,1,4,4,llama2
45,When is the karaoke activity organized by ChaeSong-hwa?,Saturday at 7 PM,"Based on the context provided, the karaoke activity is organized on Saturday at 7 PM.", The karaoke activity organized by ChaeSong-hwa is on this Saturday at 7 PM.,5,4,5,4,4,5,4,5,4,4,tie
46,Who is Li Hua bringing to the band's jam session according to their discussion on 20260425?,ChaeSong-hwa,"Based on the provided context, Li Hua is bringing a friend to the band's jam session. However, the context does not provide any information about who this friend is. Therefore, I cannot answer the question.", I don't know. The context does not provide information about who Li Hua's friend is that they plan to bring to the jam session on 20260425.,0,3,0,2,4,0,5,0,5,4,mistral
47,What garden-related activity is Thrall planning to organize?,A community planting day,"Based on the context provided, Thrall is planning to organize a community gardening activity involving community members in the garden's maintenance.", Thrall is planning to organize gardening activities that involve community members.,0,3,0,2,4,0,3,0,2,4,tie
48,What is the proposed solution for making the garden more inviting on sunny days?,Adding shade with umbrellas or trees,"Based on the context provided, the proposed solution for making the garden more inviting on sunny days is to install umbrellas."," The proposed solution for making the garden more inviting on sunny days, according to the context, is to add umbrellas.",0,3,0,2,4,0,3,0,2,4,tie
49,What is the main topic of the conversation on 2026-04-28 at 5 PM?,Breathing techniques and tips for squats during workouts,"Based on the provided context, the main topic of the conversation on 2026-04-28 at 5 PM is the exploration of free will and choice.", The main topic of the conversation on 2026-04-28 at 5 PM is not provided in the context.,0,3,0,2,4,0,5,0,5,4,mistral
50,When is Wolfgang Schulz's promotion celebration dinner?,6 PM on the day after tomorrow (implied to be 2026-04-30),"Based on the provided context, Wolfgang Schulz's promotion celebration dinner is scheduled for Thursday at 6 PM."," The promotion celebration dinner for Wolfgang Schulz is on Thursday, 2 days after the conversation started (which was April 28th), at 6 PM. This is based on the following excerpt from the context:

Time: 20260428_18:30 WolfgangSchulz: Hey! 🎉 I just got promoted! Want to celebrate with dinner the day after tomorrow? How about 6 PM? LiHua: Congrats on the promotion! That's awesome! 🎉 I'd love to join for dinner on Thursday at",0,3,0,2,4,0,3,0,2,3,llama2
51,What is the name of the Italian restaurant where Wolfgang and Li Hua are having dinner to celebrate Wolfgang's promotion?,Venedia Grancaffe,"Based on the context provided, the name of the Italian restaurant where Wolfgang and Li Hua are having dinner to celebrate Wolfgang's promotion is ""Venedia Grancaffe.""", Venedia Grancaffe,5,4,5,3,4,5,4,5,4,4,mistral
52,What is Li Hua's suggestion for scheduling the water pipe repairs in the garden?,During off-peak hours,"Based on the context provided, Li Hua's suggestion for scheduling the water pipe repairs in the garden is to schedule it during off-peak hours to reduce the impact on everyone.", Li Hua's suggestion for scheduling the water pipe repairs in the garden is to plan it during off-peak hours.,5,4,5,3,4,5,4,5,4,4,mistral
53,When is the community meeting for the garden project scheduled according to the discussion on 20260507?,Saturday at 10 am,"Based on the provided context, I don't know when the community meeting for the garden project is scheduled. The conversation takes place on 20260507, but there is no mention of a specific date or time for the meeting."," I don't know. The conversation on May 7th, 2026 does not mention any specific date or time for a community meeting regarding the garden project.",0,5,0,5,4,0,5,0,5,4,tie
54,What percentage discount is Hailey Johnson offering for Mother's Day pastries?,15%,"Based on the context provided, Hailey Johnson is offering a 15% discount on all pastries and special cakes for Mother's Day.", The percentage discount that Hailey Johnson is offering for Mother's Day pastries is 15%.,5,4,5,4,4,5,4,5,4,4,tie
55,Which two specific pastries does Hailey Johnson recommend for Mother's Day?,Raspberry-filled croissants and chocolate eclairs,"Based on the provided context, Hailey Johnson recommends trying their raspberry-filled croissants and chocolate eclairs for Mother's Day.", The two specific pastries that Hailey Johnson recommends for Mother's Day are raspberry-filled croissants and chocolate eclairs.,5,4,5,4,4,5,4,5,4,4,tie
56,What type of stretches does JenniferMoore suggest before and after workouts?,Dynamic stretches before and static stretches after,"Based on the context provided, JenniferMoore suggests doing dynamic stretches before a workout to warm up muscles, and static stretches after exercising to cool down."," JenniferMoore suggests dynamic stretches before a workout to warm up muscles, and static stretches after exercising to cool down.",4,4,4,4,4,4,4,4,4,4,tie
57,When is the web design seminar at Wolfgang's company happening?,Thursday at 3 PM,"Based on the provided context, the answer to your question is:
Thursday at 3 PM.", The web design seminar at Wolfgang's company is happening on Thursday at 3 PM.,5,4,5,4,4,5,4,5,4,4,tie
58,What is Li Hua looking forward to trying from the summer promotion?,Fruity ice cream flavors and a mango-coconut pastry,"Based on the context provided, Li Hua is looking forward to trying mango and coconut flavors from the summer promotion.", Li Hua is looking forward to trying mango and coconut flavors from the summer promotion.,1,4,1,4,4,1,4,1,4,4,tie
59,What did Li Hua enjoy the most about the restaurant that he and Wolfgang visited for dinner on 20260514?,The pasta dish and the dessert,"Based on the context provided, Li Hua enjoyed the pasta dish the most at the restaurant they visited for dinner on 20260514.", Li Hua enjoyed the pasta dish the most at the restaurant they visited on 20260514.,3,4,3,4,4,3,4,3,4,4,tie
60,Why is Chae Song-hwa unable to join the rehearsal?,She has to attend a medical lecture,"Based on the context provided, Chae Song-hwa is unable to join the rehearsal because...

I don't know. The context does not provide any information about Chae Song-hwa's whereabouts or availability for the rehearsal.", The context does not provide information about Chae Song-hwa being unable to join a rehearsal.,0,5,0,5,4,0,5,0,5,4,tie
